cid,iupac_name,smiles_canonical,molecular_formula,hydrogen_bond_acceptors,hydrogen_bond_donors,rotatable_bonds,log_p,molecular_weight,heavy_atom_count,polar_surface_area,atom_surface_coefficient,no_lipinski_violations
71731010,2-[4-(3-pyridyl)phenyl]-6-(trifluoromethyl)-1H-benzimidazole,C1=CC(=CN=C1)C2=CC=C(C=C2)C3=NC4=C(N3)C=C(C=C4)C(F)(F)F,C19H12F3N3,2,1,2,5.310700000000002,339.098332044,25,41.57,0.6013952369497233,1
52944705,2-[4-(2-fluorophenyl)phenyl]-6-methylsulfanyl-1H-benzimidazole,CSC1=CC2=C(C=C1)N=C(N2)C3=CC=C(C=C3)C4=CC=CC=C4F,C20H15FN2S,2,1,3,5.757900000000004,334.0939977,24,28.68,0.8368200836820083,1
44433681,"2-(4-pyrrolidin-1-ylphenyl)-1H-imidazo[4,5-b]pyridine",C1CCN(C1)C2=CC=C(C=C2)C3=NC4=C(N3)C=CC=N4,C16H16N4,3,1,2,3.225100000000001,264.137496512,20,44.81,0.4463289444320464,0
44465473,"2-[4-(2-fluorophenyl)phenyl]-N,N-dimethyl-3H-benzimidazole-5-sulfonamide",CN(C)S(=O)(=O)C1=CC2=C(C=C1)N=C(N2)C3=CC=C(C=C3)C4=CC=CC=C4F,C21H18FN3O2S,3,1,4,4.286300000000003,395.110376036,28,66.06,0.4238570996064184,0
52945533,2-[4-(2-chlorophenyl)phenyl]-6-methylsulfonyl-1H-benzimidazole,CS(=O)(=O)C1=CC2=C(C=C1)N=C(N2)C3=CC=C(C=C3)C4=CC=CC=C4Cl,C20H15ClN2O2S,3,1,3,4.953800000000003,382.05427640000005,26,62.82,0.413880929640242,0
129855874,3-[4-(4-chloro-5-fluoro-1H-benzimidazol-2-yl)phenyl]thiazolidin-4-one,C1C(=O)N(CS1)C2=CC=C(C=C2)C3=NC4=C(N3)C=CC(=C4Cl)F,C16H11ClFN3OS,3,1,2,4.059700000000001,347.029538872,23,48.99,0.4694835680751174,0
44464942,6-methylsulfonyl-2-(4-phenylphenyl)-1H-benzimidazole,CS(=O)(=O)C1=CC2=C(C=C1)N=C(N2)C3=CC=C(C=C3)C4=CC=CC=C4,C20H16N2O2S,3,1,3,4.300400000000002,348.093248752,25,62.82,0.3979624323463865,0
52941877,2-[4-(2-fluorophenyl)phenyl]-3H-benzimidazole-5-sulfonamide,C1=CC=C(C(=C1)C2=CC=C(C=C2)C3=NC4=C(N3)C=C(C=C4)S(=O)(=O)N)F,C19H14FN3O2S,3,2,3,3.6834000000000016,367.07907590799994,26,88.84,0.2926609635299415,0
52949620,2-[4-(2-fluorophenyl)phenyl]-6-methylsulfinyl-1H-benzimidazole,CS(=O)C1=CC2=C(C=C1)N=C(N2)C3=CC=C(C=C3)C4=CC=CC=C4F,C20H15FN2OS,2,1,3,4.773400000000003,350.08891232,25,45.75,0.546448087431694,0
162661835,2-[4-(1-methylpyrazol-4-yl)phenyl]-6-(trifluoromethyl)-1H-benzimidazole,CN1C=C(C=N1)C2=CC=C(C=C2)C3=NC4=C(N3)C=C(C=C4)C(F)(F)F,C18H13F3N4,3,1,2,4.649200000000002,342.109231076,25,46.5,0.5376344086021505,0
164611988,2-[2-(9H-fluoren-2-yl)-3H-benzimidazol-5-yl]guanidine,C1C2=CC=CC=C2C3=C1C=C(C=C3)C4=NC5=C(N4)C=C(C=C5)N=C(N)N,C21H17N5,2,3,2,3.7060000000000004,339.1483955440001,26,93.08,0.27932960893854747,0
44247738,2-[4-(2-fluorophenyl)phenyl]-6-methylsulfonyl-1H-benzimidazole,CS(=O)(=O)C1=CC2=C(C=C1)N=C(N2)C3=CC=C(C=C3)C4=CC=CC=C4F,C20H15FN2O2S,3,1,3,4.4395000000000024,366.08382694000005,26,62.82,0.413880929640242,0
52940686,6-tert-butyl-2-[4-(2-fluorophenyl)phenyl]-1H-benzimidazole,CC(C)(C)C1=CC2=C(C=C1)N=C(N2)C3=CC=C(C=C3)C4=CC=CC=C4F,C23H21FN2,1,1,2,6.333500000000004,344.168876892,26,28.68,0.9065550906555091,1
162652705,6-(trifluoromethyl)-2-[4-[5-(trifluoromethyl)-1H-pyrazol-4-yl]phenyl]-1H-benzimidazole,C1=CC(=CC=C1C2=C(NN=C2)C(F)(F)F)C3=NC4=C(N3)C=C(C=C4)C(F)(F)F,C18H10F6N4,2,2,2,5.657600000000002,396.08096564,28,57.36,0.4881450488145049,1
164627119,2-[2-(4-cyanophenyl)-3H-benzimidazol-5-yl]guanidine,C1=CC(=CC=C1C#N)C2=NC3=C(N2)C=C(C=C3)N=C(N)N,C15H12N6,3,3,2,2.00648,276.112344384,21,116.86999999999999,0.17968683152220416,0
138648971,1-[2-[4-[4-(6-guanidino-1H-benzimidazol-2-yl)phenyl]phenyl]-3H-benzimidazol-5-yl]guanidine,C1=CC(=CC=C1C2=CC=C(C=C2)C3=NC4=C(N3)C=C(C=C4)NC(=N)N)C5=NC6=C(N5)C=C(C=C6)NC(=N)N,C28H24N10,4,8,5,5.0509400000000015,500.2185407680002,38,181.16,0.20975932877014794,3
53498342,2-(4-pyrrolidin-1-ylphenyl)-3H-benzimidazole-5-sulfonamide,C1CCN(C1)C2=CC=C(C=C2)C3=NC4=C(N3)C=C(C=C4)S(=O)(=O)N,C17H18N4O2S,4,2,3,2.4774999999999996,342.11504681599996,24,92.08,0.26064291920069504,0
85997853,2-[3-fluoro-4-(trifluoromethyl)phenyl]-6-methyl-1H-benzimidazole,CC1=CC2=C(C=C1)N=C(N2)C3=CC(=C(C=C3)C(F)(F)F)F,C15H10F4N2,1,1,1,4.696220000000001,294.0780112,21,28.68,0.7322175732217573,0
57545640,2-(4-phenylphenyl)-6-(trifluoromethyl)-1H-benzimidazole,C1=CC=C(C=C1)C2=CC=C(C=C2)C3=NC4=C(N3)C=C(C=C4)C(F)(F)F,C20H13F3N2,1,1,2,5.915700000000004,338.103083076,25,28.68,0.8716875871687587,1
74221280,2-[(E)-1-[2-(4-cyclohexylphenyl)-4-methyl-thiazol-5-yl]ethylideneamino]guanidine,CC1=C(SC(=N1)C2=CC=C(C=C2)C3CCCCC3)C(=NN=C(N)N)C,C19H25N5S,4,2,4,4.1636200000000025,355.1830668000001,25,89.64999999999999,0.2788622420524261,0
157844996,"6-(4,6-diphenylpyrimidin-2-yl)-3-phenyl-2-(2-phenylphenyl)imidazo[4,5-c]carbazole;6-(4,6-diphenylpyrimidin-2-yl)-3-phenyl-2-(3-phenylphenyl)imidazo[4,5-c]carbazole;6-(4,6-diphenylpyrimidin-2-yl)-3-phenyl-2-(4-phenylphenyl)imidazo[4,5-c]carbazole",C1=CC=C(C=C1)C2=CC=C(C=C2)C3=NC4=C(N3C5=CC=CC=C5)C=CC6=C4C7=CC=CC=C7N6C8=NC(=CC(=N8)C9=CC=CC=C9)C1=CC=CC=C1.C1=CC=C(C=C1)C2=CC(=CC=C2)C3=NC4=C(N3C5=CC=CC=C5)C=CC6=C4C7=CC=CC=C7N6C8=NC(=CC(=N8)C9=CC=CC=C9)C1=CC=CC=C1.C1=CC=C(C=C1)C2=CC=CC=C2C3=NC4=C(N3C5=CC=CC=C5)C=CC6=C4C7=CC=CC=C7N6C8=NC(=CC(=N8)C9=CC=CC=C9)C1=CC=CC=C1,C141H93N15,15,0,18,34.74180000000005,1995.7738379759999,156,145.58999999999997,1.0715021636101383,3
166436130,"5-[4-(6-methyl-1H-benzimidazol-2-yl)phenyl]-3H-1,3,4-oxadiazole-2-thione",CC1=CC2=C(C=C1)N=C(N2)C3=CC=C(C=C3)C4=NNC(=S)O4,C16H12N4OS,4,2,2,4.250910000000002,308.073182004,22,70.5,0.3120567375886525,0
17445816,2-(6-pyrrolidin-1-yl-3-pyridyl)-1H-benzimidazole,C1CCN(C1)C2=NC=C(C=C2)C3=NC4=CC=CC=C4N3,C16H16N4,3,1,2,3.225100000000001,264.137496512,20,44.81,0.4463289444320464,0
137552905,2-(4-oxazol-5-ylphenyl)-3H-benzimidazole-5-carbonitrile,C1=CC(=CC=C1C2=CN=CO2)C3=NC4=C(N3)C=C(C=C4)C#N,C17H10N4O,4,1,2,3.7565800000000014,286.08546094,22,78.5,0.2802547770700637,0
52945516,2-[4-(2-fluorophenyl)phenyl]-3H-benzimidazole-5-carbonitrile,C1=CC=C(C(=C1)C2=CC=C(C=C2)C3=NC4=C(N3)C=C(C=C4)C#N)F,C20H12FN3,2,1,2,4.907680000000003,313.101525604,24,52.47,0.4574042309891367,0
17325487,2-[4-(1-piperidyl)phenyl]-1H-benzimidazole,C1CCN(CC1)C2=CC=C(C=C2)C3=NC4=CC=CC=C4N3,C18H19N3,2,1,2,4.220200000000003,277.15789760800004,21,31.92,0.6578947368421052,0
173805280,"tert-butyl N-[[[2-[4-[4-[6-[[N,N'-bis(tert-butoxycarbonyl)carbamimidoyl]amino]-1H-benzimidazol-2-yl]phenyl]phenyl]-3H-benzimidazol-5-yl]amino]-(tert-butoxycarbonylamino)methylene]carbamate",CC(C)(C)OC(=O)NC(=NC(=O)OC(C)(C)C)NC1=CC2=C(C=C1)N=C(N2)C3=CC=C(C=C3)C4=CC=C(C=C4)C5=NC6=C(N5)C=C(C=C6)NC(=NC(=O)OC(C)(C)C)NC(=O)OC(C)(C)C,C48H56N10O8,10,6,5,10.895599999999991,900.428258752,66,235.39999999999995,0.280373831775701,3
52944085,6-methylsulfonyl-2-[4-(o-tolyl)phenyl]-1H-benzimidazole,CC1=CC=CC=C1C2=CC=C(C=C2)C3=NC4=C(N3)C=C(C=C4)S(=O)(=O)C,C21H18N2O2S,3,1,3,4.608820000000004,362.1088988159999,26,62.82,0.413880929640242,0
162660104,2-[4-(3-furyl)phenyl]-6-(trifluoromethyl)-1H-benzimidazole,C1=CC(=CC=C1C2=COC=C2)C3=NC4=C(N3)C=C(C=C4)C(F)(F)F,C18H11F3N2O,2,1,2,5.508700000000003,328.082347632,24,41.82,0.5738880918220947,1
44465469,2-[4-(3-chlorophenyl)phenyl]-6-methylsulfonyl-1H-benzimidazole,CS(=O)(=O)C1=CC2=C(C=C1)N=C(N2)C3=CC=C(C=C3)C4=CC(=CC=C4)Cl,C20H15ClN2O2S,3,1,3,4.953800000000003,382.05427640000005,26,62.82,0.413880929640242,0
164613995,2-[2-(4-benzyloxyphenyl)-3H-benzimidazol-5-yl]guanidine,C1=CC=C(C=C1)COC2=CC=C(C=C2)C3=NC4=C(N3)C=C(C=C4)N=C(N)N,C21H19N5O,3,3,5,3.713800000000001,357.15896022800007,27,102.30999999999999,0.2639038217183071,0
129883878,2-[4-(4-methyl-1-piperidyl)phenyl]-1H-benzimidazole,CC1CCN(CC1)C2=CC=C(C=C2)C3=NC4=CC=CC=C4N3,C19H21N3,2,1,2,4.466200000000003,291.17354767200004,22,31.92,0.6892230576441103,0
44465472,6-methylsulfonyl-2-[4-(3-methyl-2-thienyl)phenyl]-1H-benzimidazole,CC1=C(SC=C1)C2=CC=C(C=C2)C3=NC4=C(N3)C=C(C=C4)S(=O)(=O)C,C19H16N2O2S2,4,1,3,4.670320000000004,368.06531975199994,25,62.82,0.3979624323463865,0
122690299,2-[4-(2-fluorophenyl)phenyl]-3H-benzimidazole-5-carbohydroxamic acid,C1=CC=C(C(=C1)C2=CC=C(C=C2)C3=NC4=C(N3)C=C(C=C4)C(=O)NO)F,C20H14FN3O2,3,3,3,4.155000000000002,347.10700490799996,26,78.01,0.3332906037687476,0
53326580,[2-(4-methoxyphenyl)-3H-benzimidazol-5-yl]methanamine,COC1=CC=C(C=C1)C2=NC3=C(N2)C=C(C=C3)CN,C15H15N3O,3,2,3,2.6971999999999996,253.1215121,19,63.92999999999999,0.2972000625684343,0
130450198,"12,27-bis(benzimidazolo[1,2-a]benzimidazol-5-yl)-5-[12,27-di(carbazol-9-yl)-8,15,23,30-tetrazaheptacyclo[21.7.0.02,7.08,16.09,14.017,22.024,29]triaconta-1(30),2(7),3,5,9(14),10,12,15,17,19,21,24(29),25,27-tetradecaen-4-yl]-8,15,23,30-tetrazaheptacyclo[21.7.0.02,7.08,16.09,14.017,22.024,29]triaconta-1(30),2(7),3,5,9(14),10,12,15,17,19,21,24(29),25,27-tetradecaene",C1=CC=C2C(=C1)C3=CC=CC=C3N2C4=CC5=C(C=C4)N6C7=C(C=C(C=C7)C8=CC9=C(C=C8)C1=NC2=C(N1C1=CC=CC=C1C1=NC3=C(N91)C=CC(=C3)N1C3=CC=CC=C3N3C1=NC1=CC=CC=C13)C=CC(=C2)N1C2=CC=CC=C2N2C1=NC1=CC=CC=C12)C1=NC2=C(N1C1=CC=CC=C1C6=N5)C=CC(=C2)N1C2=CC=CC=C2C2=CC=CC=C21,C102H58N16,16,0,5,23.97820000000005,1506.5030358559998,118,123.51999999999998,0.9553108808290157,3
52943508,6-ethylsulfonyl-2-[4-(2-fluorophenyl)phenyl]-1H-benzimidazole,CCS(=O)(=O)C1=CC2=C(C=C1)N=C(N2)C3=CC=C(C=C3)C4=CC=CC=C4F,C21H17FN2O2S,3,1,4,4.829600000000003,380.09947700400005,27,62.82,0.4297994269340974,0
164625461,2-[2-(5-phenyl-2-thienyl)-3H-benzimidazol-5-yl]guanidine,C1=CC=C(C=C1)C2=CC=C(S2)C3=NC4=C(N3)C=C(C=C4)N=C(N)N,C18H15N5S,3,3,3,3.8633000000000015,333.10481648000007,24,93.08,0.2578427159432746,0
52945540,2-[4-(3-chloro-2-fluoro-phenyl)phenyl]-6-methylsulfonyl-1H-benzimidazole,CS(=O)(=O)C1=CC2=C(C=C1)N=C(N2)C3=CC=C(C=C3)C4=C(C(=CC=C4)Cl)F,C20H14ClFN2O2S,3,1,3,5.092900000000002,400.044854588,27,62.82,0.4297994269340974,1
15435186,2-(4-phenylphenyl)-3H-benzimidazole-5-carboxamidine,C1=CC=C(C=C1)C2=CC=C(C=C2)C3=NC4=C(N3)C=C(C=C4)C(=N)N,C20H16N4,2,3,3,4.180970000000003,312.13749651200004,24,78.55,0.305537873965627,0
17325485,4-[4-(1H-benzimidazol-2-yl)phenyl]morpholine,C1COCCN1C2=CC=C(C=C2)C3=NC4=CC=CC=C4N3,C17H17N3O,3,1,2,3.0665000000000013,279.137162164,21,41.15,0.5103280680437424,0
10269199,2-[4-(2-chlorophenyl)phenyl]-3H-benzimidazole-5-carboxamide,C1=CC=C(C(=C1)C2=CC=C(C=C2)C3=NC4=C(N3)C=C(C=C4)C(=O)N)Cl,C20H14ClN3O,2,2,3,4.649200000000002,347.082539748,25,71.77,0.34833495889647487,0
161427680,"6-[3,5-bis(4-pyridyl)phenyl]-2,3-diphenyl-imidazo[4,5-c]carbazole;6-[2,6-bis(4-pyridyl)-4-pyridyl]-2,3-diphenyl-imidazo[4,5-c]carbazole;6-(4,6-diphenylpyrimidin-2-yl)-3-phenyl-2-(4-phenylphenyl)imidazo[4,5-c]carbazole",C1=CC=C(C=C1)C2=CC=C(C=C2)C3=NC4=C(N3C5=CC=CC=C5)C=CC6=C4C7=CC=CC=C7N6C8=NC(=CC(=N8)C9=CC=CC=C9)C1=CC=CC=C1.C1=CC=C(C=C1)C2=NC3=C(N2C4=CC=CC=C4)C=CC5=C3C6=CC=CC=C6N5C7=CC(=CC(=C7)C8=CC=NC=C8)C9=CC=NC=C9.C1=CC=C(C=C1)C2=NC3=C(N2C4=CC=CC=C4)C=CC5=C3C6=CC=CC=C6N5C7=CC(=NC(=C7)C8=CC=NC=C8)C9=CC=NC=C9,C128H84N16,16,0,16,30.802800000000108,1844.7064866879998,144,158.47999999999996,0.9086320040383646,3
59487151,3-[4-(6-chloro-1H-benzimidazol-2-yl)phenyl]cyclopentanone,C1CC(=O)CC1C2=CC=C(C=C2)C3=NC4=C(N3)C=C(C=C4)Cl,C18H15ClN2O,2,1,2,4.719900000000003,310.08729078,22,45.75,0.4808743169398907,0
164618357,2-[2-[5-(4-chlorophenyl)isoxazol-3-yl]-3H-benzimidazol-5-yl]guanidine,C1=CC(=CC=C1C2=CC(=NO2)C3=NC4=C(N3)C=C(C=C4)N=C(N)N)Cl,C17H13ClN6O,4,3,3,3.4432,352.0839367160001,25,119.10999999999999,0.2098900176307615,0
117784644,"6-(4,6-diphenylpyrimidin-2-yl)-3-phenyl-2-(4-phenylphenyl)imidazo[4,5-c]carbazole",C1=CC=C(C=C1)C2=CC=C(C=C2)C3=NC4=C(N3C5=CC=CC=C5)C=CC6=C4C7=CC=CC=C7N6C8=NC(=CC(=N8)C9=CC=CC=C9)C1=CC=CC=C1,C47H31N5,5,0,6,11.580599999999983,665.257945992,52,48.53,1.071502163610138,2
44579808,"4-[6-(trifluoromethyl)-1H-benzimidazol-2-yl]spiro[cyclohexane-1,3'-isobenzofuran]-1'-one",C1CC2(CCC1C3=NC4=C(N3)C=C(C=C4)C(F)(F)F)C5=CC=CC=C5C(=O)O2,C21H17F3N2O2,3,1,1,5.305200000000003,386.12421244399997,28,54.980000000000004,0.5092761004001455,1
10477251,"4-[5-chloro-6-(trifluoromethyl)-1H-benzimidazol-2-yl]spiro[cyclohexane-1,3'-isobenzofuran]-1'-one",C1CC2(CCC1C3=NC4=C(N3)C=C(C(=C4)Cl)C(F)(F)F)C5=CC=CC=C5C(=O)O2,C21H16ClF3N2O2,3,1,1,5.958600000000003,420.08524009199994,29,54.980000000000004,0.5274645325572935,1
137552925,N'-hydroxy-2-(4-oxazol-5-ylphenyl)-3H-benzimidazole-5-carboxamidine,C1=CC(=CC=C1C2=CN=CO2)C3=NC4=C(N3)C=C(C=C4)C(=NO)N,C17H13N5O2,5,3,3,2.9794,319.10692465600005,24,113.32,0.2117896223085069,0
134954052,6-phenyl-2-(4-phenylphenyl)-1H-benzimidazole,C1=CC=C(C=C1)C2=CC=C(C=C2)C3=NC4=C(N3)C=C(C=C4)C5=CC=CC=C5,C25H18N2,1,1,3,6.563900000000005,346.146998576,27,28.68,0.9414225941422594,1
164615291,2-[2-(4-phenylphenyl)-3H-benzimidazol-5-yl]guanidine,C1=CC=C(C=C1)C2=CC=C(C=C2)C3=NC4=C(N3)C=C(C=C4)N=C(N)N,C20H17N5,2,3,3,3.801800000000001,327.1483955440001,25,93.08,0.26858616244091105,0
122690232,2-(3-fluoro-4-phenyl-phenyl)-3H-benzimidazole-5-carbohydroxamic acid,C1=CC=C(C=C1)C2=C(C=C(C=C2)C3=NC4=C(N3)C=C(C=C4)C(=O)NO)F,C20H14FN3O2,3,3,3,4.155000000000002,347.10700490799996,26,78.01,0.3332906037687476,0
162665124,"2-[4-[6-(trifluoromethyl)-1H-benzimidazol-2-yl]phenyl]-1,3,4-oxadiazole",C1=CC(=CC=C1C2=NC3=C(N2)C=C(C=C3)C(F)(F)F)C4=NN=CO4,C16H9F3N4O,4,1,2,4.298700000000001,330.07284556800005,24,67.6,0.3550295857988166,0
11601482,"2-(4-phenylphenyl)-1H-imidazo[4,5-b]pyridine",C1=CC=C(C=C1)C2=CC=C(C=C2)C3=NC4=C(N3)C=CC=N4,C18H13N3,2,1,2,4.291900000000003,271.11094741600004,21,41.57,0.5051719990377677,0
164628876,2-[2-[5-(2-thienyl)-2-thienyl]-3H-benzimidazol-5-yl]guanidine,C1=CSC(=C1)C2=CC=C(S2)C3=NC4=C(N3)C=C(C=C4)N=C(N)N,C16H13N5S2,4,3,3,3.924800000000001,339.0612374160001,23,93.08,0.24709926944563818,0
86574005,2-[4-(2-pyridyl)phenyl]-1H-benzimidazole,C1=CC=C2C(=C1)NC(=N2)C3=CC=C(C=C3)C4=CC=CC=N4,C18H13N3,2,1,2,4.291900000000003,271.11094741600004,21,41.57,0.5051719990377677,0
11524464,6-(trifluoromethyl)-2-[4-[2-(trifluoromethyl)phenyl]piperazin-1-yl]-1H-benzimidazole,C1CN(CCN1C2=CC=CC=C2C(F)(F)F)C3=NC4=C(N3)C=C(C=C4)C(F)(F)F,C19H16F6N4,3,1,2,4.927100000000003,414.12791583200004,29,35.16,0.8248009101251423,0
10047447,"2-[4-(2,6-dichlorophenyl)piperazin-1-yl]-6-(trifluoromethyl)-1H-benzimidazole",C1CN(CCN1C2=C(C=CC=C2Cl)Cl)C3=NC4=C(N3)C=C(C=C4)C(F)(F)F,C18H15Cl2F3N4,3,1,2,5.215100000000002,414.06258650000007,27,35.16,0.7679180887372015,1
122690160,2-(4-phenylphenyl)-3H-benzimidazole-5-carbohydroxamic acid,C1=CC=C(C=C1)C2=CC=C(C=C2)C3=NC4=C(N3)C=C(C=C4)C(=O)NO,C20H15N3O2,3,3,3,4.015900000000003,329.11642672,25,78.01,0.3204717343930265,0
